Country,ISO 3166-1 alpha-3,Year,Total,Coal,Oil,Gas,Cement,Flaring,Other,Per Capita
China,CHN,2021,11472369171,7955.985419,1713.339980,773.866062,852.961348,4.677478,171.538883,8.045741
China,CHN,2020,10956213369,7605.716883,1627.725238,687.880944,858.232613,5.118808,171.538883,7.688950
China,CHN,2019,10740996069,7543.157408,1559.728160,630.171360,826.876048,3.806248,177.256846,7.554165
China,CHN,2018,10353876989,7316.399776,1500.473952,575.368912,786.744610,3.350856,171.538883,7.306542
China,CHN,2017,10011107108,7163.317856,1430.586816,486.359360,758.185168,2.924697,169.733211,7.098687
China,CHN,2014,9998621253,7425.066688,1255.605168,370.221552,778.627084,3.877594,165.223167,7.218233
China,CHN,2013,9956308273,7493.454393,1234.621903,320.127464,748.323128,3.564518,156.216868,7.235162
China,CHN,2015,9866904318,7266.978828,1328.805063,380.052208,721.994964,3.854226,165.219030,7.079569
China,CHN,2012,9779281618,7464.806432,1176.711920,277.599296,714.781655,3.659815,141.722500,7.156126
China,CHN,2016,9764979745,7071.403711,1357.837577,421.726239,743.044097,3.040580,167.927541,6.965584
China,CHN,2011,9528555734,7309.786256,1123.858720,245.989968,708.564290,0,140.356500,7.021286
China,CHN,2010,8616652695,6568.793552,1092.571824,199.585408,639.591911,0,116.110000,6.391268
China,CHN,2009,7886532768,6028.500112,982.347712,164.403680,583.560264,0,127.721000,5.889315
China,CHN,2008,7496832207,5729.473744,970.117280,149.674400,525.924483,0,121.642300,5.636008
China,CHN,2007,6978611952,5289.903664,927.351072,129.515072,514.980844,0,116.861300,5.280773
China,CHN,2006,6488803816,4905.374192,898.533712,103.753488,470.086624,0,111.055800,4.941642
China,CHN,2005,5876555340,4424.389920,850.172576,84.957168,411.648776,0,105.386900,4.503496
China,CHN,2004,5223754656,3835.288336,839.092640,71.521280,379.992160,0,97.860240,4.028136
China,CHN,2003,4827445998,3601.712000,727.098816,60.745456,345.186136,0,92.703590,3.745477
China,CHN,2002,4112459057,3018.634032,653.086016,53.992704,296.590305,0,90.156000,3.210536
China,CHN,2001,3723730766,2637.654976,659.300160,67.157456,270.828174,0,88.790000,2.925760
China,CHN,2000,3644464203,2601.736784,648.685552,59.796480,244.388200,0,89.857187,2.883053
China,CHN,1999,3552842067,2580.992136,596.751382,54.571558,228.321991,0,92.205000,2.829973
China,CHN,1997,3510169286,2609.555760,557.961248,44.158528,202.873750,0,95.620000,2.835810
China,CHN,1996,3503233703,2660.401088,510.622368,44.469968,192.853167,0,94.887113,2.852102
China,CHN,1998,3360455433,2444.771024,559.261968,50.500912,211.368717,0,94.552813,2.695186
China,CHN,1995,3357908888,2569.753728,468.229888,42.436448,184.636900,0,92.851924,2.756577
China,CHN,1994,3100002045,2380.585832,423.711771,41.568029,164.376768,0,89.759644,2.567743
China,CHN,1993,2921650956,2228.745248,428.548768,35.727664,142.773793,0,85.855483,2.443147
China,CHN,1992,2730787587,2114.714976,385.793018,30.238950,122.445142,0,77.595502,2.306772
India,IND,2021,2709683625,1802.311897,622.148121,133.450811,149.001244,2.771552,0,1.925088
India,IND,2019,2626459473,1677.653708,674.011463,128.675994,143.664137,2.454171,0,1.898949
China,CHN,1991,2606096182,2049.920064,356.027216,30.777600,101.305072,0,68.066230,2.226241
India,IND,2018,2600446463,1677.600364,655.190293,126.201229,138.964893,2.489684,0,1.899518
Russia,RUS,1990,2534865060,753.267502,888.018985,787.971744,34.609276,33.221968,37.775584,17.126807
China,CHN,1990,2484854820,1976.684032,330.291280,29.301008,84.513100,0,64.065400,2.153806
China,CHN,1989,2463654367,1920.239372,354.441244,28.821068,84.886084,0,75.266600,2.171740
India,IND,2020,2445011942,1588.060207,603.602160,127.635380,122.908202,2.805994,0,1.750956
Russia,RUS,1988,2436908483,916.013321,711.903370,750.139328,35.870706,22.981759,0,16.638233
India,IND,2017,2434867906,1560.988150,631.087430,118.922003,121.047241,2.823083,0,1.798018
China,CHN,1988,2425893553,1892.697824,343.129936,27.311456,84.960637,0,77.793700,2.173954
Russia,RUS,1991,2405531915,704.590959,844.241487,754.748709,32.836858,33.629087,35.484815,16.203734
Russia,RUS,1989,2404824661,882.512192,714.897464,749.210882,35.793898,22.410226,0,16.321434
India,IND,2016,2383815964,1529.990408,613.165557,113.622467,123.281311,3.756221,0,1.780779
Russia,RUS,1987,2357850553,900.889384,708.998708,701.871106,35.641717,10.449638,0,16.226122
Russia,RUS,1986,2348803101,893.978763,804.183763,603.894108,35.353033,11.393434,0,16.305869
Russia,RUS,1985,2348381757,866.020998,797.880480,636.962917,34.496921,13.020442,0,16.434157
India,IND,2015,2270766191,1487.461399,554.788779,106.870633,117.507915,4.137466,0,1.716550
China,CHN,1987,2257738539,1770.268928,321.523328,26.600640,75.428702,0,63.916942,2.058381
India,IND,2014,2187343005,1447.354894,511.166221,109.467500,115.824896,3.529493,0,1.673244
Russia,RUS,1984,2177516312,760.129771,790.351441,580.164343,34.660833,12.209923,0,15.346234
Russia,RUS,1983,2158350747,765.436755,809.622054,536.448989,34.444657,12.398292,0,15.323305
Russia,RUS,1980,2129328792,840.969337,799.683009,441.379368,34.526931,12.770147,0,15.401190
Russia,RUS,1982,2128165485,771.460473,810.519979,500.031868,33.544954,12.608210,0,15.217704
China,CHN,1986,2104213354,1657.391354,303.068297,26.351535,67.361985,0,50.040183,1.952376
Russia,RUS,1981,2088785445,761.398584,807.261880,472.650352,34.800814,12.673814,0,15.026922
Russia,RUS,1979,2048720444,797.958802,781.040078,422.817520,34.175890,12.728153,0,14.898668
India,IND,2013,2037415492,1319.998650,495.642138,110.689227,107.819842,3.265635,0,1.578007
Russia,RUS,1978,2031868617,797.396634,777.933470,397.570904,35.483309,23.484301,0,14.868151
China,CHN,1985,1998082904,1584.511456,284.593872,24.819936,59.301036,0,44.856604,1.884557
Russia,RUS,1992,1965610204,521.106988,585.184698,774.149795,26.717383,27.375474,31.075866,13.216354
Russia,RUS,1977,1964405077,802.153423,725.546972,379.121087,35.725459,21.858137,0,14.474800
India,IND,2012,1962594350,1244.606043,488.554125,125.604798,100.237156,3.592229,0,1.539909
Russia,RUS,1976,1899786067,789.722185,700.981266,353.687936,35.140921,20.253759,0,14.097085
Russia,RUS,1993,1865939469,507.105084,509.802863,781.479886,21.994949,22.062712,23.493975,12.531724
China,CHN,1984,1844828012,1454.197632,271.451104,24.226368,50.065792,3.213328,41.673789,1.766785
Russia,RUS,1975,1829331726,769.577455,684.898032,321.879064,34.725565,18.251610,0,13.667861
India,IND,2011,1778472509,1089.807084,458.909201,136.364239,91.314496,2.077488,0,1.414156
Russia,RUS,2021,1755547390,380.227147,403.080393,875.051751,21.920821,58.921786,16.345492,12.098650
Russia,RUS,1974,1740322645,747.393375,648.250937,295.139621,33.098260,16.440451,0,13.088041
Russia,RUS,2018,1700452840,396.392489,391.516179,825.415088,20.090711,49.437808,17.600565,11.674741
Russia,RUS,2012,1694576422,442.749707,351.771385,804.975624,26.331668,52.927716,15.820322,11.798259
China,CHN,1983,1694216811,1321.842960,263.771360,23.438608,44.126482,2.671056,38.366345,1.646106
Russia,RUS,2019,1692363414,390.365017,398.417081,803.863171,20.306193,62.654678,16.757274,11.612027
Russia,RUS,2011,1679278427,427.838120,344.117271,815.661184,25.128527,51.561280,14.972045,11.713346
India,IND,2010,1676495006,1015.983089,438.373461,134.244240,86.029240,1.864976,0,1.351343
Russia,RUS,1973,1676483256,745.924228,605.227153,278.548335,31.798609,14.984931,0,12.682219
Russia,RUS,2017,1654154022,384.724075,413.496784,777.235876,20.512221,41.926176,16.258890,11.372466
Russia,RUS,2008,1646969024,449.909183,342.160792,778.187257,23.625365,36.624806,16.461621,11.510299
Russia,RUS,1994,1646941737,454.251346,406.647830,732.784626,16.475445,18.666652,18.115838,11.065992
Russia,RUS,2013,1632716418,405.262664,354.646137,780.453844,27.281460,48.827699,16.244614,11.341706
Russia,RUS,2014,1631662227,394.094994,383.204615,772.753422,26.453326,38.466103,16.689767,11.308601
Russia,RUS,2015,1629713151,414.059434,405.864558,736.697972,23.171307,33.022514,16.897365,11.265164
Russia,RUS,2010,1626187553,416.736508,331.844462,792.563304,22.722614,47.870329,14.450336,11.352681
Russia,RUS,2016,1624756335,402.192494,400.367433,749.788229,20.432102,36.218172,15.757905,11.196787
Russia,RUS,2020,1624221431,366.758617,380.833317,780.781499,20.580721,58.921786,16.345492,11.154039
Russia,RUS,1995,1618951170,478.570264,386.640727,699.429401,16.646415,19.977326,17.687037,10.897812
Russia,RUS,2007,1618586183,420.965154,324.906344,777.797181,27.644836,50.867634,16.405034,11.309476
Russia,RUS,2006,1618246151,435.960375,334.100059,765.525718,24.544564,42.156652,15.958783,11.289669
India,IND,2009,1611416152,983.948220,431.609933,112.684767,81.267957,1.905276,0,1.316904
Russia,RUS,1972,1608549740,738.374945,563.381406,263.591290,30.598216,12.603883,0,12.236371
China,CHN,1982,1606585013,1248.856080,257.810032,22.900000,38.869883,2.524496,35.624522,1.585211
Russia,RUS,1996,1586172896,477.104430,361.187740,699.631315,12.723154,20.154373,15.371884,10.700509
Russia,RUS,2005,1559082760,416.422760,319.019961,745.182869,22.256030,41.530490,14.670650,10.842018
Russia,RUS,2004,1541753926,415.369819,308.719743,742.806465,20.915348,39.637562,14.304989,10.680396
Russia,RUS,2009,1539305658,416.977556,321.193282,730.871779,19.746372,38.288005,12.228664,10.752071
Russia,RUS,2003,1535293112,425.152049,308.253748,734.919231,18.666297,34.542749,13.759038,10.592120
Russia,RUS,1971,1528854776,716.493336,518.809940,250.638369,29.731883,13.181248,0,11.695676
China,CHN,1979,1525661148,1147.547329,278.426677,27.776716,30.319954,3.063096,38.527375,1.575610
Russia,RUS,2001,1514713521,444.960912,323.090661,693.013366,15.862541,24.348308,13.437733,10.358040
Russia,RUS,2002,1505520171,423.511292,314.440788,702.371736,17.116161,34.816330,13.263863,10.340812
China,CHN,1980,1494495884,1122.664256,273.202496,27.318784,32.712365,3.011808,35.586175,1.521313
Russia,RUS,1999,1493155061,406.785689,350.222172,686.404648,13.172502,23.633466,12.936585,10.134326
China,CHN,1978,1492777845,1117.446720,281.992432,26.285536,26.810098,2.737008,37.506052,1.562891
Russia,RUS,1997,1481618770,411.674444,352.804307,669.081408,12.272913,21.842953,13.942745,10.015000
Russia,RUS,2000,1478184753,426.448116,317.318002,681.432377,15.112577,23.763752,14.109928,10.066304
China,CHN,1981,1476487854,1125.004730,256.374392,24.387646,33.902721,2.689383,34.128983,1.480545
Russia,RUS,1998,1464542998,400.158472,345.452646,673.280615,11.922667,21.848656,11.879941,9.917491
India,IND,2008,1461518268,910.796506,412.316303,63.046601,73.244725,2.114133,0,1.211135
Russia,RUS,1970,1440678921,702.835509,487.538079,221.794773,28.510560,0,0,11.074222
Russia,RUS,1969,1369809100,657.705199,446.352414,238.846705,26.904782,0,0,10.578538
India,IND,2007,1356953125,842.478182,391.027790,52.695648,68.333266,2.418240,0,1.140592
China,CHN,1977,1340831115,998.608544,257.483936,23.237088,22.905977,2.180080,36.415489,1.422510
Japan,JPN,2013,1315568700,481.216134,541.435289,256.490809,26.805206,0.438664,9.182599,10.303726
Russia,RUS,1968,1315309958,648.750585,416.973449,223.341806,26.244117,0,0,10.210260
Japan,JPN,2012,1306182513,450.013486,564.128956,257.022425,25.624795,0.490291,8.902561,10.216229
Japan,JPN,2007,1303362030,444.982442,607.551169,209.122344,30.658350,0.615672,10.432054,10.182005
Japan,JPN,2005,1290599508,430.348308,641.774213,176.001001,32.279646,0.507807,9.688533,10.098716
Japan,JPN,2003,1287691834,411.820508,655.805004,178.651846,31.935273,0.505778,8.973423,10.099357
Japan,JPN,2004,1283076662,419.813966,644.657995,177.564951,31.276190,0.477135,9.286425,10.049845
Japan,JPN,2002,1279362300,398.394136,665.694780,173.418885,32.417253,0.524611,8.912634,10.049841
Russia,RUS,1967,1279355963,656.022899,391.600723,206.291420,25.440921,0,0,9.986252
Japan,JPN,2006,1267623958,427.482811,604.984148,192.654372,31.990874,0.553147,9.958606,9.910887
Japan,JPN,2011,1265034863,430.475991,552.298459,247.922677,24.982896,0.477500,8.877341,9.882525
Japan,JPN,2000,1264594656,372.149786,676.422214,170.603597,35.085743,0.511630,9.821687,9.972840
Japan,JPN,2014,1264413251,472.934047,496.771315,258.548469,26.557375,0.449102,9.152943,9.918777
India,IND,2006,1258643267,773.565357,368.891165,49.442016,64.905401,1.839328,0,1.073585
Japan,JPN,1996,1252447045,344.117349,706.887939,148.448270,42.559540,0.570780,9.863168,9.961701
Japan,JPN,2001,1249988539,381.227601,654.741169,169.623171,34.374185,0.548238,9.474174,9.837338
Japan,JPN,1997,1245139360,349.675392,692.050712,153.033751,39.926083,0.580429,9.872992,9.879864
Japan,JPN,1999,1241835604,345.281251,685.684394,165.804437,35.010125,0.539409,9.515988,9.812611
Japan,JPN,1995,1239909400,335.293184,709.328445,142.649074,42.142027,0.521556,9.975112,9.884957
Japan,JPN,2008,1232480695,426.290792,562.867939,204.484663,28.552561,0.565197,9.719543,9.622919
Japan,JPN,1994,1227513532,325.337790,712.016299,137.667840,42.297116,0.231207,9.963280,9.810747
China,CHN,1976,1226421277,910.389543,238.985133,19.367963,19.253010,1.905286,36.520343,1.319618
Japan,JPN,2015,1223605161,465.830288,476.378763,246.428641,25.936140,0.424732,8.606597,9.615687
Russia,RUS,1966,1223501599,651.280927,359.570063,188.617518,24.033092,0,0,9.611624
Japan,JPN,2010,1215058103,445.976928,521.743014,213.341562,24.321271,0.474575,9.200753,9.484829
Japan,JPN,1998,1205249923,327.404665,676.243855,156.330316,35.362599,0.498710,9.409777,9.542121
Japan,JPN,2016,1203888206,456.551209,460.878576,251.595944,25.969471,0.457129,8.435877,9.479893
Japan,JPN,2017,1188358949,458.482158,448.847338,245.692546,26.428778,0.436103,8.472026,9.382092
India,IND,2005,1184926501,721.469674,351.646194,50.438624,59.686569,1.685440,0,1.026231
China,CHN,1975,1183214956,906.638480,204.191056,16.971648,19.102242,1.905280,34.406250,1.292955
Japan,JPN,1992,1179504316,312.155887,686.565290,128.434625,41.665791,0.208209,10.474514,9.478141
Japan,JPN,1993,1172487308,317.625427,672.018016,131.217458,41.224494,0.211632,10.190281,9.396468
Japan,JPN,1991,1169777716,317.799425,673.006559,126.994406,40.346745,0.215134,11.415446,9.428065
Japan,JPN,2009,1163375134,411.271552,515.862741,202.176743,25.308482,0.500873,8.254744,9.080565
Russia,RUS,1965,1158563856,630.069140,336.497926,170.227706,21.769084,0,0,9.165809
Japan,JPN,1990,1158129439,317.934282,670.647609,118.872345,38.701103,0.191682,11.782419,9.363440
Japan,JPN,2018,1143411908,441.964043,432.510939,233.953267,26.182944,0.423414,8.377300,9.056307
India,IND,2004,1124517704,669.968548,347.518127,49.584753,55.544666,1.901610,0,0.989662
Germany,DEU,1979,1117888357,549.173108,431.587636,114.720215,22.407397,0,0,14.347403
Japan,JPN,2019,1106015486,432.250117,415.860472,224.230136,25.328006,0.368980,7.977774,8.792438
Germany,DEU,1980,1100065995,551.175520,412.456480,115.452640,20.981355,0,0,14.142083
Russia,RUS,1964,1092142878,609.536403,315.847316,147.214068,19.545092,0,0,8.709674
Germany,DEU,1976,1090840479,555.971762,419.362269,93.634148,21.872299,0,0,13.920135
Germany,DEU,1973,1085738380,561.925696,431.740112,67.751024,24.321548,0,0,13.801619
Germany,DEU,1978,1079132603,523.741263,428.176491,105.270741,21.944108,0,0,13.822354
Japan,JPN,2021,1067398435,418.820499,395.359389,221.525076,23.788868,0.344529,7.560075,8.565739
Germany,DEU,1974,1062726927,565.844227,390.430831,84.495213,21.956656,0,0,13.517167
India,IND,2003,1058725338,625.890755,329.936696,49.987952,50.880079,2.029856,0,0.947477
Germany,DEU,1977,1052608577,516.647780,416.829081,98.048981,21.082736,0,0,13.456807
Germany,DEU,1969,1052000832,686.182928,324.194384,20.620992,21.002528,0,0,13.485032
Germany,DEU,1990,1051979103,569.133933,330.471639,122.299717,15.297268,3.840458,10.936090,13.254082
Germany,DEU,1981,1048523357,557.748736,361.299712,110.000608,19.474301,0,0,13.497204
Germany,DEU,1986,1047471904,573.762079,356.828387,100.550801,16.330637,0,0,13.463068
Germany,DEU,1985,1044117955,579.375692,340.221911,108.531724,15.988628,0,0,13.448403
Japan,JPN,2020,1042224016,399.366949,387.857350,222.604846,24.490267,0.344529,7.560075,8.321498
Germany,DEU,1972,1041480969,553.577158,410.007486,52.651495,25.244830,0,0,13.243055
Germany,DEU,1971,1037236782,588.132211,384.682002,40.182946,24.239623,0,0,13.211289
Germany,DEU,1984,1033244579,572.331456,334.889600,108.531344,17.492179,0,0,13.320402
Germany,DEU,1987,1032442842,560.223918,345.534743,109.546660,15.796493,1.341029,0,13.221040
Germany,DEU,1988,1029024130,552.860960,351.260352,107.637328,16.056370,1.209120,0,13.112341
China,CHN,1974,1028099867,776.101152,182.573456,14.439824,15.340213,1.634144,38.011078,1.143136
Russia,RUS,1963,1026907398,592.178088,295.097289,121.249534,18.382487,0,0,8.266330
Germany,DEU,1970,1026022305,603.233632,370.133616,29.766336,22.888721,0,0,13.104640
India,IND,2002,1022175223,598.598121,324.587833,47.133696,49.111237,2.744336,0,0.930677
Japan,JPN,1989,1021681739,277.104656,615.156288,92.724848,36.695947,0,0,8.288119
Germany,DEU,1982,1015733894,550.812784,344.463632,102.016752,18.440726,0,0,13.087595
Germany,DEU,1991,1013824095,504.058363,352.174663,130.161891,13.741151,3.619014,10.069013,12.704246
Germany,DEU,1983,1011604905,553.738320,333.397148,106.021121,18.448317,0,0,13.041849
Germany,DEU,1989,1008792342,546.778720,322.794736,121.908608,16.720374,0.589904,0,12.783045
China,CHN,1973,1008292576,783.741289,158.819143,11.468277,15.455909,1.264075,37.543884,1.143640
Germany,DEU,1975,1002446986,515.979136,376.809424,88.811696,20.846730,0,0,12.767828
India,IND,2001,991731661,582.083456,316.115271,43.568933,46.739658,3.224343,0,0.919146
Japan,JPN,1988,985464274,278.511632,584.909968,86.206592,35.836082,0,0,8.025064
Germany,DEU,1968,984790813,659.625046,290.439032,14.465526,20.261209,0,0,12.683064
India,IND,2000,978103843,572.876810,312.286549,43.872736,45.957013,3.110736,0,0.923058
Germany,DEU,1964,968917486,755.614921,190.004766,3.825230,19.472568,0,0,12.846404
China,CHN,1972,968645596,770.721770,138.327537,9.280949,14.717164,1.022260,34.575917,1.122624
Germany,DEU,1992,965541817,454.324533,353.960905,129.383593,14.444000,3.539761,9.889026,12.038420
Germany,DEU,1965,960102238,716.916560,217.769840,5.536304,19.879534,0,0,12.626699
Germany,DEU,1996,958700377,400.626928,360.038099,169.970819,14.811078,3.212688,10.040766,11.792007
Russia,RUS,1962,957527578,571.179629,269.931647,99.129872,17.286430,0,0,7.790186
Germany,DEU,1993,955819934,430.790061,360.998807,136.302146,14.531254,3.317362,9.880304,11.862710
Japan,JPN,1979,953071343,190.938368,679.159040,40.890240,41.984767,0.098928,0,8.162268
Germany,DEU,1966,951421993,680.103307,244.283485,6.679498,20.355704,0,0,12.417619
India,IND,1999,950950878,560.528326,300.510056,42.315536,44.592480,3.004480,0,0.913936
Germany,DEU,1963,945497986,761.686976,164.114224,2.561136,17.135650,0,0,12.640987
Japan,JPN,1980,944868566,224.299088,630.658672,47.932448,41.901414,0.076944,0,8.032944
Germany,DEU,1994,939492314,418.197070,350.052061,142.162168,15.340627,3.219887,10.520501,11.615574
Germany,DEU,1995,938613565,406.059831,350.352795,152.984341,15.562397,3.059623,10.594579,11.570215
Japan,JPN,1984,937069892,260.175961,568.097320,71.696872,37.004474,0.095264,0,7.778403
Germany,DEU,1967,936229418,653.866448,254.376864,8.775280,19.210826,0,0,12.131480
Japan,JPN,1977,933237686,204.520014,668.695698,24.684271,35.235111,0.102592,0,8.131974
Germany,DEU,1997,930870087,386.878583,352.402027,162.892045,15.274969,3.238729,10.183734,11.430683
Japan,JPN,1981,926835495,247.357616,590.551194,48.592160,40.261246,0.073280,0,7.828947
Germany,DEU,1998,922812222,377.494523,351.197603,165.392745,15.544564,3.167610,10.015177,11.319463
Germany,DEU,2001,916144477,376.533195,339.732989,173.813082,13.504016,2.968838,9.592357,11.239028
Japan,JPN,1974,914306206,229.190528,635.278976,14.161360,35.613054,0.062288,0,8.229577
Japan,JPN,1973,914265202,214.385162,651.025791,10.581674,38.191966,0.080608,0,8.335792
Japan,JPN,1985,912400813,271.788192,529.480976,76.980640,34.052077,0.098928,0,7.533092
Russia,RUS,1961,912314284,575.205381,241.894976,79.862331,15.351596,0,0,7.514389
Japan,JPN,1986,912259933,257.465616,540.355728,81.252864,33.185725,0,0,7.495338
China,CHN,1971,909209700,736.424280,120.090762,7.174082,13.124041,0.791421,31.605115,1.078176
Japan,JPN,1976,907144545,208.382672,644.761408,20.683280,33.225585,0.091600,0,7.983680
Japan,JPN,1987,902530350,250.394096,536.237392,82.707472,33.191390,0,0,7.381521
Japan,JPN,1978,901590083,174.739115,651.504189,34.503748,40.740439,0.102592,0,7.785112
Germany,DEU,2003,900627666,379.536724,320.455570,174.872568,13.507148,3.002408,9.253248,11.071456
Germany,DEU,2002,899449765,375.799127,325.001720,173.623112,12.822649,2.965213,9.237945,11.043860
Germany,DEU,2000,899351824,373.473132,331.125243,166.433444,15.252878,2.991838,10.075290,11.027999
Japan,JPN,1982,897407791,242.630080,566.787824,49.746128,38.152159,0.091600,0,7.535028
Germany,DEU,1999,895352121,360.066312,340.727569,165.641747,15.771092,3.112500,10.032901,10.978242
Germany,DEU,2004,886637162,375.990449,311.160949,173.357043,14.068338,2.927693,9.132691,10.910219
Russia,RUS,1960,884644672,585.442882,223.784971,61.663787,13.753032,0,0,7.388349
Germany,DEU,1962,883168603,732.012868,132.368779,1.967560,16.819397,0,0,11.903437
Japan,JPN,1983,880909402,229.795088,559.573408,53.347840,38.101466,0.091600,0,7.353550
Germany,DEU,2006,877938802,369.596095,304.553748,178.395732,13.340261,3.068642,8.984325,10.815009
India,IND,1998,876952083,524.125992,262.892000,47.595360,39.026475,3.312256,0,0.858549
Japan,JPN,1975,868510753,213.421571,606.028154,17.154920,31.796187,0.109920,0,7.726164
Germany,DEU,2005,866302770,363.239675,304.818223,173.429605,13.049804,2.953296,8.812165,10.667155
India,IND,1997,858935134,527.722798,244.201936,46.023504,37.418160,3.568736,0,0.856934
Germany,DEU,2008,854508174,356.220854,292.852668,179.833964,13.578516,2.944403,9.077770,10.521235
Japan,JPN,1972,852170216,200.215616,611.364048,7.983856,32.529752,0.076944,0,7.874395
Germany,DEU,2007,851222968,379.386987,270.769920,174.440529,14.449074,2.988342,9.188116,10.485129
Russia,RUS,1959,849684339,584.261964,205.138952,48.554405,11.729017,0,0,7.196029
Germany,DEU,1961,834839623,711.644605,105.691280,1.480250,16.023488,0,0,11.342260
Germany,DEU,2010,832540983,343.363951,281.833440,184.003635,12.431492,2.581308,8.327157,10.237197
Germany,DEU,2013,831207653,356.889616,280.001778,170.536123,12.502979,2.688788,8.588369,10.176318
India,IND,1996,825200806,504.498913,243.160345,39.746906,34.079363,3.715280,0,0.839232
Germany,DEU,1960,813950210,707.213807,90.592808,1.348358,14.795237,0,0,11.140283
Germany,DEU,2012,813693048,349.803212,271.558844,168.062225,13.288641,2.657051,8.323075,9.978385
Germany,DEU,2011,808911525,344.697883,271.122024,168.410508,13.393265,2.672588,8.615257,9.934635
Russia,RUS,1958,808172394,571.894471,188.004016,38.192097,10.081810,0,0,6.944634
China,CHN,1970,807952627,665.866048,94.644784,5.503328,10.718256,0,31.220211,0.982272
Germany,DEU,2016,800339834,329.445089,277.783622,169.467961,12.662714,2.343803,8.636644,9.720952
China,CHN,1960,798799921,748.375664,22.991600,1.993216,6.514202,0,18.925239,1.221088
Japan,JPN,1971,796544280,206.384843,552.755827,8.093739,29.269567,0.040304,0,7.459023
Germany,DEU,2015,795556570,341.018336,273.407683,157.455432,12.625554,2.373714,8.675851,9.693253
Germany,DEU,2014,792255427,344.850129,270.940421,152.270963,12.904592,2.478249,8.811073,9.678314
Germany,DEU,2009,789899980,317.904574,281.751205,167.411633,12.559007,2.574876,7.698685,9.720576
Germany,DEU,2017,785616471,310.763015,279.180926,171.412164,13.408148,2.266922,8.585296,9.508290
Germany,DEU,1957,777907669,720.170464,45.503002,1.051563,11.182639,0,0,10.838651
Japan,JPN,1970,767963110,229.263808,502.715456,7.676080,28.267462,0.040304,0,7.285014
Germany,DEU,1956,766190820,715.128283,38.897210,1.058901,11.106425,0,0,10.719963
India,IND,1995,761449242,471.723186,216.281275,39.050735,31.103789,3.290257,0,0.789656
Russia,RUS,1957,757151803,554.307921,168.363610,25.725726,8.754546,0,0,6.607428
Germany,DEU,1958,756379172,688.729080,55.125147,1.036917,11.488028,0,0,10.485392
Germany,DEU,1959,755794581,670.654483,70.426085,1.187142,13.526871,0,0,10.413414
Germany,DEU,2018,754408432,295.673550,265.224228,169.548548,13.227901,2.007493,8.726712,9.100585
Ukraine,UKR,1985,743375509,371.352187,206.487721,152.032415,9.381971,4.121215,0,14.599636
Ukraine,UKR,1986,740472362,370.510945,206.367569,150.375017,9.612594,3.606237,0,14.497252
Ukraine,UKR,1987,733865729,364.423087,187.629070,168.817282,9.688782,3.307507,0,14.323123
Ukraine,UKR,1988,727308683,354.712812,174.383544,181.189537,9.748631,7.274160,0,14.157585
Germany,DEU,1955,723498418,682.295215,29.880071,0.729140,10.593992,0,0,10.158266
China,CHN,1959,720151557,695.438192,19.049136,0.556928,5.107301,0,0,1.104223
India,IND,1994,716268589,455.720366,198.955200,28.996896,28.540079,4.056048,0,0.757746
Germany,DEU,2019,707149948,240.086494,270.910415,172.478938,13.286640,2.028361,8.359100,8.504699
Ukraine,UKR,1990,705830043,263.167837,205.686945,215.794074,9.400942,3.482547,8.297699,13.681577
Russia,RUS,1956,691897105,518.640616,149.198433,16.519526,7.538530,0,0,6.134746
Ukraine,UKR,1984,689040843,329.236869,206.604510,139.873755,9.422015,3.903693,0,13.574793
Ukraine,UKR,1989,683654316,322.270324,164.306646,180.258807,9.725281,7.093259,0,13.276248
Ukraine,UKR,1983,683018919,330.155663,210.761167,128.795992,9.358677,3.947420,0,13.508021
Germany,DEU,1943,679430146,672.747004,2.180092,0.018320,4.484731,0,0,9.649489
India,IND,1993,677299816,433.121813,186.878656,26.996352,26.602355,3.700640,0,0.731148
Germany,DEU,2021,674753566,230.221049,248.200624,173.484052,13.233969,1.807425,7.806447,8.089741
Ukraine,UKR,1980,674080900,354.088717,203.211660,103.444746,9.366880,3.968897,0,13.488654
Ukraine,UKR,1982,673541695,331.067888,209.925855,119.444331,9.109706,3.993915,0,13.370917
Germany,DEU,1942,667899432,661.989536,2.282672,0.025648,3.601576,0,0,9.429080
Ukraine,UKR,1981,661010599,326.156404,208.702243,112.698546,9.446001,4.007405,0,13.170448
Germany,DEU,1941,660793188,652.393473,2.766335,0.025648,5.607731,0,0,9.407112
Germany,DEU,1954,659731927,625.474112,24.413232,0.362736,9.481847,0,0,9.289287
India,IND,1992,655447568,411.415002,188.054800,27.256496,25.156198,3.565072,0,0.722197
Germany,DEU,1940,654325001,645.746976,3.238994,0.029312,5.309719,0,0,9.369585
Japan,JPN,1969,653215421,221.022233,402.074113,4.719206,25.399869,0,0,6.274759
Germany,DEU,1939,648625487,639.397312,2.271680,0.058624,6.897871,0,0,9.361566
Ukraine,UKR,1979,648513174,336.884508,199.009000,99.361474,9.291687,3.966505,0,13.038131
Ukraine,UKR,1978,643175534,335.532757,197.561271,93.119278,9.667986,7.294242,0,12.983841
Germany,DEU,2020,639381013,197.357678,251.383941,167.628086,13.357491,1.814935,7.838883,7.672972
Ukraine,UKR,1991,632536676,222.622055,167.044496,224.497146,8.918123,3.064950,6.389906,12.241188
Russia,RUS,1955,631060820,483.329705,128.639632,12.266855,6.824629,0,0,5.686675
Germany,DEU,1953,623491977,597.187877,17.125637,0.227169,8.951294,0,0,8.796514
Ukraine,UKR,1977,621887394,334.666016,182.691581,88.043357,9.754979,6.731461,0,12.599671
India,IND,1991,615365508,393.043111,166.422544,23.563184,24.503037,7.833632,0,0.692245
Germany,DEU,1952,610980580,590.362124,13.054754,0.098927,7.464775,0,0,8.628649
China,CHN,1969,607683366,501.176576,66.849680,3.759264,7.613083,0,28.284762,0.758248
Ukraine,UKR,1976,601477573,328.094586,175.764015,81.791741,9.616076,6.211155,0,12.238951
Germany,DEU,1938,601272623,591.659056,1.868640,0.032976,7.711951,0,0,8.770277
Germany,DEU,1944,600273120,597.928160,2.213056,0.131904,0,0,0,8.591900
Canada,CAN,2007,593515764,118.793126,266.117076,181.886055,7.731020,16.132977,2.855510,18.060601
Ukraine,UKR,1992,589060298,245.344358,129.120155,196.908094,8.678928,2.708820,6.299943,11.375081
Canada,CAN,2019,584714184,58.325705,269.325970,231.962485,7.125179,15.827711,2.147135,15.582994
Canada,CAN,2018,584369116,60.795568,266.964272,231.980501,6.914762,15.549502,2.164511,15.778726
Canada,CAN,2003,581305320,123.322189,258.360564,173.878669,7.248136,15.548064,2.947697,18.384422
Canada,CAN,2004,579592044,115.671275,267.364131,169.898775,7.519955,16.041633,3.096275,18.162386
Ukraine,UKR,1975,579197345,318.709815,171.185843,74.199386,9.522916,5.579385,0,11.846419
India,IND,1990,577996538,366.514068,158.166611,21.097187,22.347914,9.870757,0,0.664019
Germany,DEU,1951,576865541,558.774425,11.076413,0.054961,6.959742,0,0,8.145513
Canada,CAN,2008,576558336,112.632130,257.303248,181.568155,6.988372,15.341640,2.724791,17.356522
Canada,CAN,2005,574653628,116.765220,261.212721,170.328128,7.613986,15.733328,3.000245,17.837569
Canada,CAN,2015,574298190,78.098819,258.061213,213.496439,6.184772,16.132493,2.324454,16.072321
Canada,CAN,2013,572613311,78.970095,263.938583,204.540349,5.973037,16.722913,2.468334,16.330663
Canada,CAN,2017,571544619,72.688193,260.403026,214.581205,6.827239,14.834711,2.210246,15.635476
China,CHN,1961,570630187,522.475408,22.335744,2.817616,2.584869,0,20.416550,0.870845
Canada,CAN,2014,569839687,76.685625,256.683199,211.161562,5.911522,16.888576,2.509203,16.095071
Canada,CAN,2006,568450936,114.090517,259.345710,168.240515,7.728498,16.088779,2.956916,17.473665
Canada,CAN,2012,568223147,81.445934,263.709536,198.172490,6.532305,15.818377,2.544506,16.379141
Canada,CAN,2011,567054133,86.722655,261.661005,195.282737,6.020141,14.936635,2.430960,16.520857
Canada,CAN,2000,566690447,129.348416,237.661473,172.817180,7.232124,16.249763,3.381490,18.469011
Canada,CAN,2002,564050931,124.207371,242.471456,171.160253,7.148304,16.116984,2.946563,18.007910
Germany,DEU,1937,563512571,555.858112,1.384992,0.040304,6.229163,0,0,8.307596
Japan,JPN,1968,561912555,200.119048,334.000735,4.228228,23.564544,0,0,5.465051
Canada,CAN,2016,560525313,73.497136,256.234514,208.265201,6.114245,14.134506,2.279709,15.521199
Canada,CAN,2001,558777507,126.825289,241.579627,164.847650,6.982743,15.675062,2.867136,18.023474
Canada,CAN,2010,556560518,95.767083,259.503834,178.294216,6.005436,14.734690,2.255258,16.387061
Russia,RUS,1954,556538909,430.156961,110.367176,10.244907,5.769865,0,0,5.095527
Ukraine,UKR,1974,551039536,308.030421,161.245033,67.707435,9.055149,5.001498,0,11.337634
China,CHN,1966,549459318,469.765473,44.546600,2.568446,8.387295,0,24.191504,0.739566
Canada,CAN,2021,545634517,43.862080,241.659653,235.381822,6.624708,16.056983,2.049271,14.300468
Canada,CAN,1999,544063780,119.696692,235.503992,162.198106,7.118443,16.266312,3.280235,17.896966
Canada,CAN,2009,543967590,93.378892,253.572199,174.992114,5.364043,14.398480,2.261862,16.192443
India,IND,1989,540651493,339.625896,150.714021,18.517739,20.790914,11.002922,0,0.634558
Germany,DEU,1929,539234734,535.673136,0,0,3.561598,0,0,8.329365
Germany,DEU,1913,535083232,531.540144,3.543088,0,0,0,0,8.224711
Canada,CAN,2020,534863824,48.034995,238.378466,223.719402,6.624708,16.056983,2.049271,14.116709
Ukraine,UKR,1973,530884495,304.958937,149.335783,63.388679,8.678963,4.522134,0,10.991045
Canada,CAN,1998,529649543,119.352135,232.634509,149.465866,6.828347,17.990246,3.378440,17.570172
China,CHN,1958,524617059,508.174816,12.358672,0.212512,3.871059,0,0,0.814886
Germany,DEU,1917,524578544,524.300078,0.278466,0,0,0,0,7.976804
Canada,CAN,1997,521839964,113.173875,229.519833,152.747893,6.657483,16.269941,3.470939,17.462915
Germany,DEU,1950,510681830,496.900688,7.566160,0.043968,6.171014,0,0,7.196341
Ukraine,UKR,1993,510199583,235.880250,94.482360,165.746122,6.397554,2.437464,5.255832,9.853518
Russia,RUS,1953,509579789,395.859410,99.485385,9.380988,4.854007,0,0,4.740580
Ukraine,UKR,1972,509412905,299.724977,138.021683,59.558194,8.331526,3.776525,0,10.618479
Canada,CAN,1996,507510733,106.282423,221.506054,154.182638,6.185381,16.113817,3.240420,17.149197
Germany,DEU,1928,505010924,501.198560,0,0,3.812364,0,0,7.842637
Germany,DEU,1918,503422608,503.305360,0.117248,0,0,0,0,7.716826
Germany,DEU,1916,500696592,500.410800,0.285792,0,0,0,0,7.577586
China,CHN,1965,500286364,432.993200,34.998528,2.110464,6.801410,0,23.382762,0.691150
Germany,DEU,1936,499634416,492.445317,1.366662,0.043968,5.778469,0,0,7.418587
Germany,DEU,1912,499121072,495.277536,3.843536,0,0,0,0,7.743474
Germany,DEU,1914,497926608,497.589520,0.337088,0,0,0,0,7.533385
China,CHN,1968,495506566,412.720288,48.650592,2.685712,5.252986,0,26.196988,0.634962
India,IND,1988,491692596,317.172040,133.615088,15.205600,18.228972,7.470896,0,0.589751
Canada,CAN,1995,491386794,104.352372,214.865984,147.504585,6.529322,14.900681,3.233851,16.776937
Japan,JPN,1967,489307430,181.498545,282.660828,3.909459,21.238597,0,0,4.819440
Ukraine,UKR,1971,484178291,289.369376,126.458355,56.344619,8.076425,3.929515,0,10.172292
Russia,RUS,1952,481669817,378.441829,90.195661,8.740047,4.292280,0,0,4.553073
Germany,DEU,1927,481185791,481.185791,0,0,0,0,0,7.515827
Canada,CAN,1994,478726314,102.540588,212.176928,140.346661,5.769324,14.632432,3.260380,16.518519
Germany,DEU,1921,473179952,473.062704,0.117248,0,0,0,0,7.684861
Canada,CAN,1993,464311598,98.917863,206.888046,137.317145,4.892831,13.343511,2.952202,16.196069
Canada,CAN,1992,463758640,106.927432,203.764755,132.083955,4.804072,13.193354,2.985073,16.359691
Germany,DEU,1915,462906096,462.601984,0.304112,0,0,0,0,6.989372
Canada,CAN,1989,462885150,106.897200,206.642272,138.422256,6.262814,4.660608,0,16.990099
Germany,DEU,1930,462091761,459.289728,0,0,2.802033,0,0,7.099929
China,CHN,1964,460637094,401.574106,27.729385,2.029873,5.032377,0,24.271353,0.653763
China,CHN,1967,460225895,383.598816,42.498736,2.799296,6.085472,0,25.243576,0.604760
China,CHN,1962,459618074,411.925200,21.764160,2.322976,2.497458,0,21.108280,0.691556
Germany,DEU,1911,458586240,455.138416,3.447824,0,0,0,0,7.182018
Canada,CAN,1990,458218336,99.152201,212.870748,125.278127,5.823211,11.958214,3.135836,16.567775
Germany,DEU,1925,458065952,457.824128,0.241824,0,0,0,0,7.251780
China,CHN,1963,456779449,406.128498,23.270259,1.956592,3.354918,0,22.069181,0.667900
Ukraine,UKR,1970,456293179,281.355212,117.790059,49.421629,7.726279,0,0,9.651058
Canada,CAN,1988,455669111,106.406224,210.881520,127.203088,5.986391,5.191888,0,16.993027
Germany,DEU,1922,455460848,455.332608,0.128240,0,0,0,0,7.358010
India,IND,1987,455343444,291.856287,127.671122,12.776272,16.411638,6.628126,0,0.558213
Germany,DEU,1935,452332832,446.641600,1.311712,0.025648,4.353872,0,0,6.764260
Germany,DEU,1924,451793184,451.613647,0.179537,0,0,0,0,7.205978
Canada,CAN,1991,449959720,104.170172,200.768222,124.814875,4.770787,12.153899,3.281765,16.060949
Russia,RUS,1951,449803407,357.479330,79.962537,8.584987,3.776553,0,0,4.318734
Germany,DEU,1908,446641600,442.981264,3.660336,0,0,0,0,7.299616
Germany,DEU,1909,445571712,442.134908,3.436804,0,0,0,0,7.182238
Germany,DEU,1910,445366528,441.827104,3.539424,0,0,0,0,7.082350
Canada,CAN,1980,442846874,81.171584,241.294388,112.040529,5.207679,3.132694,0,18.066895
Germany,DEU,1907,442182512,438.723696,3.458816,0,0,0,0,7.328061
Canada,CAN,1979,441676761,76.028000,244.293536,112.572736,5.832969,2.949520,0,18.236694
Ukraine,UKR,1969,433798470,264.634335,108.390603,53.493209,7.280323,0,0,9.231544
Germany,DEU,1949,432148044,421.370992,5.917360,0.080608,4.779084,0,0,6.355960
Canada,CAN,1987,430982059,99.030592,201.864416,119.120304,6.258507,4.708240,0,16.302299
Canada,CAN,1981,429629720,83.689424,227.908128,110.026256,5.034408,2.971504,0,17.312759
Germany,DEU,1920,429208288,429.102032,0.106256,0,0,0,0,7.048450
India,IND,1986,426309754,273.171658,121.857312,10.310496,16.005568,4.964720,0,0.534304
Canada,CAN,1984,425233330,102.914432,192.506560,121.230768,4.276370,4.305200,0,16.609331
Canada,CAN,1985,421718695,99.763392,186.658816,125.224528,5.063271,5.008688,0,16.317906
Ukraine,UKR,1994,419266344,185.817331,77.579633,144.080882,4.990997,2.277195,4.520307,8.143091
Japan,JPN,1966,419245117,170.450769,226.180696,3.700672,18.912980,0,0,4.172967
Ukraine,UKR,1968,416571847,259.241254,100.561925,49.677628,7.091039,0,0,8.932563
Canada,CAN,1978,415528652,69.509131,233.823426,104.551318,5.112975,2.531802,0,17.340651
Russia,RUS,1950,415034248,329.775320,74.123283,7.931822,3.203823,0,0,4.045953
Canada,CAN,1982,414454925,88.444514,208.640972,110.325729,4.182152,2.861559,0,16.511150
Germany,DEU,1926,413236912,412.943795,0.293117,0,0,0,0,6.494372
Germany,DEU,1934,408619770,405.088176,0.311440,0.021984,3.198170,0,0,6.153078
Canada,CAN,1983,408338502,93.523600,193.810944,114.031008,3.906182,3.066768,0,16.101215
Canada,CAN,1977,407790443,65.032336,233.700912,101.954464,4.776091,2.326640,0,17.195241
Ukraine,UKR,1967,405253754,259.486390,93.484131,45.419383,6.863850,0,0,8.765016
Canada,CAN,1986,404707950,92.486688,186.427984,115.782400,5.269662,4.741216,0,15.496510
Canada,CAN,1976,398962262,59.100320,233.733888,98.928000,4.767158,2.432896,0,17.019039
India,IND,1985,397592455,253.289252,116.759685,7.199698,14.389872,5.953949,0,0.509576
Canada,CAN,1975,396786785,61.284630,241.987450,85.914265,4.933023,2.667417,0,17.150003
Ukraine,UKR,1995,389864657,174.092628,72.310265,133.840798,3.407574,2.226079,3.987313,7.635233
Canada,CAN,1974,389616915,48.507240,248.922491,83.516431,5.135027,3.535727,0,17.079149
Ukraine,UKR,1966,387628394,255.052835,84.985366,41.115758,6.474435,0,0,8.461817
Germany,DEU,1919,387427696,387.314112,0.113584,0,0,0,0,6.398793
Japan,JPN,1965,386471179,165.748368,200.955744,3.609040,16.158027,0,0,3.885353
Germany,DEU,1931,385964901,384.067823,0,0,1.897078,0,0,5.899529
Germany,DEU,1905,382323744,379.139728,3.184016,0,0,0,0,6.519401
Canada,CAN,1973,381273198,52.014144,238.174656,81.868416,4.995054,4.220928,0,16.943947
Canada,CAN,1972,380791685,62.155498,233.317611,76.485264,4.476858,4.356454,0,17.135627
Germany,DEU,1948,377816373,364.809824,9.687616,0.102592,3.216341,0,0,5.614331
Ukraine,UKR,1965,367102830,245.294043,79.064224,36.888714,5.855849,0,0,8.088265
Germany,DEU,1933,364980790,363.036448,0,0,1.944342,0,0,5.527751
Germany,DEU,1906,361937248,358.709297,3.227951,0,0,0,0,6.084922
India,IND,1984,361559743,231.492925,106.104774,6.170118,12.592760,5.199167,0,0.473931
Japan,JPN,1964,358891094,160.206765,178.380020,4.004711,16.299598,0,0,3.650259
Germany,DEU,1904,356122480,352.839570,3.282910,0,0,0,0,6.160649
Canada,CAN,1971,352287404,55.876000,220.327312,67.468896,4.068172,4.547024,0,16.094503
India,IND,1983,352199157,232.519456,99.169824,5.243184,10.950501,4.316192,0,0.472227
Ukraine,UKR,1996,351408793,146.215128,60.778836,137.538522,2.160781,2.230974,2.484552,6.942628
Germany,DEU,1932,347485746,346.057472,0,0,1.428274,0,0,5.287689
Ukraine,UKR,1964,346109143,235.535012,73.660022,31.664280,5.249830,0,0,7.701342
Germany,DEU,1903,343598928,340.400222,3.198706,0,0,0,0,6.031967
Canada,CAN,1970,341177214,58.814528,211.372496,62.625088,3.561598,4.803504,0,15.917142
Ukraine,UKR,1997,340242725,154.304812,49.467540,129.447343,2.415373,2.212018,2.395639,6.781884
Ukraine,UKR,2007,336351221,161.469339,43.120235,118.976501,6.164170,2.618059,4.002916,7.262555
Ukraine,UKR,2006,332613143,154.040480,40.507856,126.290064,5.484277,2.489549,3.800917,7.138761
Germany,DEU,1923,331929088,331.771538,0.157550,0,0,0,0,5.327316
Ukraine,UKR,1998,328576744,123.078693,42.553000,155.690451,2.787527,2.191255,2.275817,6.605105
Germany,DEU,1900,326759184,323.729056,3.030128,0,0,0,0,6.007928
Germany,DEU,1901,325557392,322.578560,2.978832,0,0,0,0,5.896283
Ukraine,UKR,2008,325536205,154.640050,43.890576,114.356227,6.293777,2.696205,3.659370,7.067205
Ukraine,UKR,1963,325480820,226.581590,68.145367,25.823604,4.930259,0,0,7.323078
India,IND,1982,325380295,213.123221,94.406624,4.360160,9.676066,3.814224,0,0.446234
Japan,JPN,1963,324835463,155.338944,151.022752,3.671328,14.802439,0,0,3.340323
Germany,DEU,1902,319189360,316.155533,3.033827,0,0,0,0,5.689244
Germany,DEU,1947,317660043,314.253952,1.769712,0.117248,1.519131,0,0,4.806186
India,IND,1981,314966469,210.305446,89.713040,2.883568,8.887727,3.176688,0,0.441829
Ukraine,UKR,2005,313066891,135.905504,36.258852,129.900203,4.785321,2.471856,3.745155,6.673406
Ukraine,UKR,2004,310270626,135.323432,36.468809,128.054363,4.264070,2.572759,3.587193,6.564912
Ukraine,UKR,2011,307956066,153.853440,39.774144,103.812444,3.901123,2.678687,3.936228,6.765866
Canada,CAN,1969,307119205,59.118640,181.529216,58.297904,3.699701,4.473744,0,14.601126
Ukraine,UKR,2003,306998709,132.443748,37.249329,128.058238,3.612127,2.378680,3.256587,6.448788
Ukraine,UKR,2012,303976228,158.981390,38.465388,96.823063,3.281461,2.548714,3.876211,6.694594
Ukraine,UKR,2001,303561756,131.830648,33.996185,130.104068,2.474660,2.191337,2.964858,6.270054
Ukraine,UKR,1962,303532979,216.310820,61.696164,20.896549,4.629446,0,0,6.910294
Germany,DEU,1899,303283936,300.407661,2.876275,0,0,0,0,5.659127
Canada,CAN,1968,303261340,60.577644,179.204741,55.524927,3.659768,4.294260,0,14.627744
Ukraine,UKR,1999,298178287,123.714060,37.528394,129.966353,2.534926,2.144612,2.289942,6.045774
Ukraine,UKR,2013,297251191,160.185132,37.340292,90.249973,3.396788,2.529373,3.549634,6.560808
Ukraine,UKR,2002,295673973,136.227958,35.368304,116.057539,2.817473,2.178162,3.024538,6.162887
Ukraine,UKR,2010,294110664,145.421089,39.840513,100.188028,2.881962,2.617715,3.161356,6.438074
Japan,JPN,1962,292864430,154.214096,121.762048,2.660064,14.228222,0,0,3.042182
India,IND,1980,291711364,197.337053,83.176464,2.487856,7.544839,1.165152,0,0.418627
Ukraine,UKR,1961,289279664,214.241393,54.375858,16.557200,4.105213,0,0,6.670776
Germany,DEU,1898,285377968,282.520011,2.857957,0,0,0,0,5.409701
Ukraine,UKR,2000,285321939,122.877677,31.612266,123.973075,2.261373,2.146593,2.450956,5.837221
Japan,JPN,1961,282786898,160.866340,107.701011,2.044538,12.175009,0,0,2.965608
Canada,CAN,1967,281637036,57.315952,171.489856,45.063536,3.583404,4.184288,0,13.800291
Ukraine,UKR,1960,280567490,214.759398,49.544721,12.591061,3.672310,0,0,6.560335
Ukraine,UKR,2009,277296698,136.610696,42.693086,89.682260,2.590089,2.646577,3.073990,6.046080
India,IND,1979,276284982,180.622676,82.663504,3.030128,7.751954,2.216720,0,0.405557
Germany,DEU,1897,273554240,270.736624,2.817616,0,0,0,0,5.268663
Germany,DEU,1946,271682438,268.241440,1.993216,0.164880,1.282902,0,0,4.200539
Ukraine,UKR,1959,269519265,211.731107,44.866688,9.794227,3.127242,0,0,6.393546
India,IND,1978,263149789,174.688774,75.317184,2.740672,8.420936,1.982224,0,0.394961
Canada,CAN,1966,259074371,52.582064,155.826256,42.421792,4.001347,4.242912,0,12.918044
India,IND,1977,258961971,177.509864,68.557104,2.480528,8.322332,2.092144,0,0.397373
Ukraine,UKR,2014,257510818,138.372745,35.340760,75.134189,3.299186,2.493745,2.870192,5.703694
Ukraine,UKR,1958,256373645,205.320820,40.736437,7.632294,2.684093,0,0,6.168853
Germany,DEU,1896,256260160,253.578150,2.682010,0,0,0,0,5.013797
China,CHN,1957,255784962,243.809709,8.987920,0.131906,2.855427,0,0,0.406006
Canada,CAN,1965,251916995,54.175904,151.748224,38.035984,3.746947,4.209936,0,12.794936
India,IND,1976,244749594,168.920623,63.438496,2.293664,8.279466,1.817344,0,0.383950
Ukraine,UKR,1957,240211092,196.736784,36.064635,5.082374,2.327299,0,0,5.862019
Germany,DEU,1895,238284576,235.745385,2.539191,0,0,0,0,4.731342
Canada,CAN,1964,237577733,51.918880,143.720400,34.159472,3.547061,4.231920,0,12.292959
India,IND,1975,234209340,161.338182,61.838227,1.733097,7.288268,2.011565,0,0.375622
Ukraine,UKR,2016,234008459,126.828013,34.123592,64.148539,3.622848,2.372986,2.912480,5.219492
Japan,JPN,1960,232499641,139.144064,80.615328,1.601168,11.139081,0,0,2.461229
Ukraine,UKR,2018,231674691,120.544058,35.214604,66.991888,3.718730,2.399314,2.806096,5.212386
Germany,DEU,1894,229498304,227.039721,2.458583,0,0,0,0,4.617393
Ukraine,UKR,2015,223824094,119.392944,30.489360,65.547238,3.277520,2.382325,2.734706,4.975797
Ukraine,UKR,2017,223087077,112.586372,35.342176,66.655074,3.543391,2.303937,2.656127,4.995539
Ukraine,UKR,2019,222056698,114.045427,38.480585,60.538273,3.947163,2.355091,2.690159,5.022647
Germany,DEU,1891,220840272,218.718851,2.121421,0,0,0,0,4.588507
Germany,DEU,1893,220712032,218.323104,2.388928,0,0,0,0,4.493049
Ukraine,UKR,1956,219520021,182.582171,31.699684,3.237084,2.001082,0,0,5.433825
India,IND,1974,215853376,145.639174,60.628208,1.359344,6.500907,1.725744,0,0.354019
China,CHN,1956,215823984,205.022784,8.093776,0.047632,2.659792,0,0,0.350203
Germany,DEU,1892,214988864,212.665928,2.322936,0,0,0,0,4.420638
Canada,CAN,1963,210910776,46.598752,134.270944,22.365056,3.143656,4.532368,0,11.117533
India,IND,1973,209095226,137.809075,61.749392,1.168816,6.920663,1.447280,0,0.350768
Germany,DEU,1890,208232448,206.202592,2.029856,0,0,0,0,4.373988
Canada,CAN,1962,206990771,47.031104,126.287088,25.977760,3.085507,4.609312,0,11.115183
Ukraine,UKR,2020,206941159,102.148412,34.914376,60.774426,4.026967,2.303971,2.773007,4.712884
India,IND,1972,203036163,134.376967,58.877807,1.205476,7.363109,1.212804,0,0.348358
Ukraine,UKR,2021,201857716,101.829705,36.453332,54.076202,4.421499,2.303971,2.773007,4.637058
Ukraine,UKR,1955,200228512,168.902472,27.131021,2.386109,1.808911,0,0,5.026256
Germany,DEU,1889,198848944,196.899660,1.949284,0,0,0,0,4.223370
Canada,CAN,1961,194000694,45.594816,118.662304,22.965952,2.783862,3.993760,0,10.616398
Canada,CAN,1960,192716175,49.636208,115.742096,21.536992,2.594879,3.206000,0,10.760642
Japan,JPN,1959,192619987,125.847408,57.066800,1.172480,8.533299,0,0,2.058434
India,IND,1971,191963855,126.966668,55.442660,1.084525,7.052059,1.417943,0,0.336779
China,CHN,1955,190521461,183.196336,5.419056,0.032976,1.873093,0,0,0.315788
Canada,CAN,1956,189802424,78.482880,97.205920,8.540784,2.253256,3.319584,0,11.740080
Japan,JPN,1957,188066748,136.038007,43.890201,0.637524,7.501016,0,0,2.047817
Germany,DEU,1888,186347376,184.581328,1.766048,0,0,0,0,4.004198
Canada,CAN,1959,184481354,53.545696,107.659312,17.305072,2.816570,3.154704,0,10.526810
Canada,CAN,1957,182811432,64.922416,100.122464,10.863760,2.711176,4.191616,0,10.979631
Canada,CAN,1958,182155190,57.264656,104.566896,13.428560,2.758422,4.136656,0,10.644016
India,IND,1970,181722811,123.551135,49.332096,0.923328,6.494620,1.421632,0,0.325959
Japan,JPN,1958,181160879,126.484944,46.342272,0.926992,7.406671,0,0,1.954876
India,IND,1969,177413523,123.367865,45.350200,0.996627,6.438390,1.260440,0,0.325342
Ukraine,UKR,1954,176583648,149.863435,23.206385,1.986741,1.527087,0,0,4.494596
India,IND,1968,174069502,123.826282,42.249584,0.751120,5.872180,1.370336,0,0.326320
Germany,DEU,1887,170390656,168.796816,1.593840,0,0,0,0,3.704064
Canada,CAN,1955,169473176,72.213776,85.755920,7.437920,1.973416,2.092144,0,10.771196
Germany,DEU,1886,163033344,161.659344,1.374000,0,0,0,0,3.582757
Canada,CAN,1954,162967666,80.084048,75.177952,5.946672,1.758994,0,0,10.635354
Canada,CAN,1951,162678023,96.881306,60.381360,4.081604,1.333752,0,0,11.549142
Ukraine,UKR,1953,161680271,137.695962,20.885186,1.816324,1.282800,0,0,4.170402
Germany,DEU,1885,161183024,159.684482,1.498542,0,0,0,0,3.575171
China,CHN,1954,160877410,155.591889,3.341492,0.029311,1.914718,0,0,0.272703
Japan,JPN,1956,160635757,121.380992,32.349456,0.468992,6.436317,0,0,1.764810
Canada,CAN,1953,160608169,82.936412,69.845239,4.810722,1.744417,1.271379,0,10.777969
India,IND,1967,159555999,119.095736,32.697536,0.487312,5.820807,1.454608,0,0.305670
Canada,CAN,1952,159408754,89.848608,63.830544,4.275888,1.453714,0,0,11.004526
India,IND,1966,159373560,116.984062,35.676368,0.311440,5.569961,0.831728,0,0.311890
Germany,DEU,1884,157526352,156.086400,1.439952,0,0,0,0,3.518019
Japan,JPN,1941,154604564,150.832314,0.791405,0.098926,2.881919,0,0,2.089110
Canada,CAN,1950,154133752,96.819837,52.447743,3.554164,1.312008,0,0,11.215381
India,IND,1965,153702096,116.456230,30.814921,0.282134,5.397674,0.751137,0,0.307334
Japan,JPN,1940,153244280,150.125072,0.916000,0.102592,2.100616,0,0,2.100186
Germany,DEU,1883,153092912,151.946080,1.146832,0,0,0,0,3.447728
Ukraine,UKR,1952,152824802,131.142478,18.863780,1.685864,1.132680,0,0,3.993152
Japan,JPN,1943,150637473,147.948590,0.747474,0.080610,1.860799,0,0,1.981942
Japan,JPN,1942,147791833,144.816010,0.725454,0.098926,2.151443,0,0,1.969796
Japan,JPN,1953,145769795,119.178928,22.042624,0.216176,4.332067,0,0,1.655400
Germany,DEU,1882,143665440,142.588224,1.077216,0,0,0,0,3.256834
Ukraine,UKR,1951,142714148,123.409091,16.660254,1.649682,0.995121,0,0,3.777177
Japan,JPN,1954,142534085,113.008752,23.973552,0.274800,5.276981,0,0,1.599834
India,IND,1963,142444290,110.420304,27.106272,0.010992,4.771153,0.135568,0,0.298042
Japan,JPN,1955,141875010,108.890416,27.417712,0.344416,5.222466,0,0,1.574809
India,IND,1964,139488404,105.924388,28.121885,0.021985,4.943815,0.476332,0,0.285218
Japan,JPN,1944,138732713,136.484060,0.703469,0.080606,1.464578,0,0,1.797568
Germany,DEU,1881,134263616,133.358608,0.905008,0,0,0,0,3.063491
China,CHN,1953,133782883,130.236986,1.908892,0.021983,1.615023,0,0,0.231707
India,IND,1962,132581675,103.260517,24.885252,0.010992,4.380947,0.043967,0,0.283886
Japan,JPN,1938,131735124,127.833405,1.080850,0.091597,2.729271,0,0,1.832735
Ukraine,UKR,1950,131678303,113.864618,15.446288,1.524432,0.842965,0,0,3.529966
Japan,JPN,1952,130405972,113.939871,12.768681,0.179531,3.517888,0,0,1.500268
China,CHN,1952,127999326,125.444368,1.337360,0.014656,1.202942,0,0,0.226566
Japan,JPN,1939,127746841,124.151080,0.989252,0.098925,2.507584,0,0,1.765337
China,CHN,1942,127613381,124.452269,2.506176,0,0.654936,0,0,0.243416
Japan,JPN,1937,125430964,121.267530,1.084512,0.095261,2.983660,0,0,1.759743
Germany,DEU,1880,124502720,123.846864,0.655856,0,0,0,0,2.862131
Japan,JPN,1951,123457651,111.000880,9.057408,0.161216,3.238147,0,0,1.440857
India,IND,1961,120404403,94.885431,21.310423,0.003664,4.204885,0,0,0.263841
Japan,JPN,1936,116849074,112.613174,1.080846,0.073278,3.081776,0,0,1.665205
Germany,DEU,1945,116064528,114.258176,1.670784,0.135568,0,0,0,1.732306
China,CHN,1941,113978569,111.449256,2.033520,0,0.495793,0,0,0.218556
India,IND,1960,111325172,87.878107,19.444848,0,4.002217,0,0,0.249633
Germany,DEU,1879,110846992,110.066560,0.780432,0,0,0,0,2.574723
China,CHN,1943,108994548,107.402274,0.952640,0,0.639634,0,0,0.206810
Japan,JPN,1935,106382481,102.441776,0.963632,0.073280,2.903793,0,0,1.536475
Germany,DEU,1878,104544912,103.771808,0.773104,0,0,0,0,2.457221
Germany,DEU,1876,103438384,102.786169,0.652215,0,0,0,0,2.493032
China,CHN,1944,103003568,101.898303,0.615575,0,0.489690,0,0,0.194416
Japan,JPN,1950,102540986,95.729328,4.470080,0.135568,2.206010,0,0,1.215617
China,CHN,1951,102115213,100.133456,0.937984,0.007328,1.036445,0,0,0.184452
Germany,DEU,1875,101518448,100.899232,0.619216,0,0,0,0,2.482296
India,IND,1959,101447362,79.523573,18.386566,0,3.537223,0,0,0.232731
Germany,DEU,1877,101302272,100.532832,0.769440,0,0,0,0,2.410008
Japan,JPN,1934,101202823,98.033869,0.780460,0.084275,2.304220,0,0,1.486310
Japan,JPN,1949,98420107,96.103056,0.593568,0.102592,1.620891,0,0,1.200670
Germany,DEU,1873,98367408,97.832464,0.534944,0,0,0,0,2.458140
India,IND,1958,95815882,75.818667,16.842813,0,3.154401,0,0,0.224764
Japan,JPN,1929,94880335,91.863808,0.853712,0.051296,2.111519,0,0,1.500227
Japan,JPN,1928,92390568,89.643424,0.802416,0.047632,1.897096,0,0,1.481544
Germany,DEU,1872,92109296,91.724591,0.384705,0,0,0,0,2.320659
India,IND,1957,91635453,72.837820,15.894432,0,2.903202,0,0,0.219783
Japan,JPN,1933,91342495,88.273088,0.619216,0.084272,2.365919,0,0,1.359628
China,CHN,1940,90790528,88.722876,1.795284,0,0.272368,0,0,0.175011
Japan,JPN,1927,89482208,88.668833,0.762081,0.051294,0,0,0,1.456653
Japan,JPN,1948,88082370,86.583984,0.487312,0.091600,0.919474,0,0,1.098901
Japan,JPN,1930,86165789,83.370656,0.864704,0.076944,1.853485,0,0,1.342084
Germany,DEU,1871,85349216,84.964496,0.384720,0,0,0,0,2.163149
Japan,JPN,1926,82604880,81.802500,0.762078,0.040302,0,0,0,1.365596
Japan,JPN,1925,82011312,81.153936,0.817072,0.040304,0,0,0,1.377832
India,IND,1956,81656449,65.156897,13.945184,0,2.554367,0,0,0.200307
Japan,JPN,1924,79347584,78.537877,0.773068,0.036638,0,0,0,1.352070
Japan,JPN,1919,79193696,78.175104,0.967296,0.051296,0,0,0,1.433292
China,CHN,1950,78835287,77.614512,0.619216,0.014656,0.586903,0,0,0.144923
India,IND,1955,78787827,63.711544,12.750720,0,2.325562,0,0,0.197672
Japan,JPN,1932,77980502,75.353824,0.692496,0.091600,1.842582,0,0,1.178149
Japan,JPN,1931,77904004,75.137779,0.839017,0.139225,1.787984,0,0,1.194755
Germany,DEU,1869,77592528,77.314064,0.278464,0,0,0,0,1.993949
Germany,DEU,1870,76639888,76.346754,0.293134,0,0,0,0,1.953554
Japan,JPN,1945,76635163,75.306192,0.677840,0.073280,0.577851,0,0,1.005394
Japan,JPN,1923,75907088,75.090016,0.769440,0.047632,0,0,0,1.310166
China,CHN,1936,75477252,74.539493,0.509296,0,0.428463,0,0,0.148589
China,CHN,1939,74426991,73.023770,1.179808,0,0.223413,0,0,0.144225
Germany,DEU,1868,74368208,74.148368,0.219840,0,0,0,0,1.924793
Japan,JPN,1920,74280272,73.250688,0.959968,0.069616,0,0,0,1.330758
China,CHN,1935,72645968,72.057496,0.432379,0,0.156093,0,0,0.143770
India,IND,1954,72413709,60.592102,9.541056,0,2.280551,0,0,0.185804
Germany,DEU,1874,71594560,71.114576,0.479984,0,0,0,0,1.769952
Japan,JPN,1918,71543264,70.440400,1.055232,0.047632,0,0,0,1.303488
Japan,JPN,1922,71429680,70.495408,0.875651,0.058621,0,0,0,1.248574
China,CHN,1937,70968653,69.937378,0.593604,0,0.437671,0,0,0.138980
Japan,JPN,1947,70032368,68.795264,0.556928,0.069616,0.610560,0,0,0.896483
Germany,DEU,1867,69154336,68.967472,0.186864,0,0,0,0,1.799020
India,IND,1953,68704906,59.067189,7.679744,0,1.957973,0,0,0.180220
Japan,JPN,1917,67483552,66.204747,1.234835,0.043970,0,0,0,1.239663
India,IND,1952,67426227,58.030006,7.562119,0,1.834102,0,0,0.180769
Japan,JPN,1921,66809376,65.834752,0.916000,0.058624,0,0,0,1.182676
India,IND,1951,64022191,54.512339,7.851952,0,1.657901,0,0,0.175441
Germany,DEU,1865,63467808,63.431168,0.036640,0,0,0,0,1.672186
Germany,DEU,1866,62907216,62.804624,0.102592,0,0,0,0,1.647088
China,CHN,1934,62382628,62.002565,0.282128,0,0.097934,0,0,0.124110
China,CHN,1949,62081099,61.443642,0.362736,0,0.274720,0,0,0.114132
China,CHN,1938,61365519,60.520945,0.835392,0,0.009181,0,0,0.119543
India,IND,1950,61102632,52.559786,7.188768,0,1.354077,0,0,0.171146
Japan,JPN,1916,58598352,57.290304,1.278736,0.029312,0,0,0,1.088885
Japan,JPN,1914,58015776,56.876344,1.139432,0,0,0,0,1.107256
Germany,DEU,1864,56641776,56.641776,0,0,0,0,0,1.506350
India,IND,1949,56187913,54.323382,0.776768,0,1.087763,0,0,0.158276
China,CHN,1945,55892207,55.335276,0.538569,0,0.018361,0,0,0.104941
Japan,JPN,1913,54315136,53.476080,0.839056,0,0,0,0,1.051152
China,CHN,1933,54111180,53.730504,0.267449,0,0.113227,0,0,0.108222
India,IND,1941,53581169,51.310020,1.187136,0,1.084012,0,0,0.136791
India,IND,1942,53529607,51.253665,1.143168,0,1.132774,0,0,0.135073
India,IND,1948,53204148,51.628263,0.769440,0,0.806445,0,0,0.152012
India,IND,1947,53180347,51.667959,0.762160,0,0.750228,0,0,0.153700
India,IND,1945,52874104,50.792876,0.970960,0,1.110268,0,0,0.128836
Japan,JPN,1915,52842208,51.578128,1.264080,0,0,0,0,0.994696
Japan,JPN,1946,52706560,51.592784,0.589904,0.065952,0.457920,0,0,0.682736
India,IND,1940,52309595,51.177419,1.132176,0,0,0,0,0.135237
India,IND,1946,52225065,50.322142,0.897680,0,1.005243,0,0,0.125783
China,CHN,1931,51904658,51.619859,0.186864,0,0.097934,0,0,0.105360
India,IND,1938,50379724,49.357468,1.022256,0,0,0,0,0.133953
China,CHN,1932,50269152,49.973404,0.216176,0,0.079572,0,0,0.101286
China,CHN,1930,49558455,49.331117,0.153888,0,0.073451,0,0,0.101347
Germany,DEU,1863,49383392,49.383392,0,0,0,0,0,1.328082
India,IND,1939,49312291,48.359587,0.952704,0,0,0,0,0.129293
Japan,JPN,1912,49280800,48.562709,0.718091,0,0,0,0,0.967409
China,CHN,1924,48846085,48.846085,0,0,0,0,0,0.102033
China,CHN,1929,48281827,48.194324,0.010992,0,0.076511,0,0,0.099086
India,IND,1944,47696050,45.498637,1.139584,0,1.057830,0,0,0.117594
China,CHN,1928,47591441,47.540668,0.010991,0,0.039782,0,0,0.098015
India,IND,1943,46644486,44.427878,1.121264,0,1.095343,0,0,0.116349
China,CHN,1923,46517555,46.517555,0,0,0,0,0,0.097514
China,CHN,1925,45954842,45.954842,0,0,0,0,0,0.095655
China,CHN,1927,45808577,45.797586,0.010991,0,0,0,0,0.094678
Germany,DEU,1862,45539856,45.539856,0,0,0,0,0,1.237900
India,IND,1937,45067341,43.599263,0.886688,0,0.581391,0,0,0.121508
Japan,JPN,1911,44209824,43.352377,0.857447,0,0,0,0,0.880411
China,CHN,1926,43660165,43.652837,0.007328,0,0,0,0,0.090557
India,IND,1919,42974809,39.402687,3.572122,0,0,0,0,0.140763
India,IND,1930,42399551,41.451124,0.655856,0,0.292571,0,0,0.126039
India,IND,1927,41883842,38.454338,3.429504,0,0,0,0,0.128321
China,CHN,1947,41836135,41.500510,0.161198,0,0.174427,0,0,0.077727
India,IND,1929,41707931,40.781488,0.633872,0,0.292571,0,0,0.125211
India,IND,1935,41393253,40.082017,0.857376,0,0.453860,0,0,0.114790
Germany,DEU,1861,41329920,41.329920,0,0,0,0,0,1.134347
India,IND,1936,40684530,39.375916,0.809744,0,0.498871,0,0,0.111251
India,IND,1924,40628000,36.879420,3.748581,0,0,0,0,0.128285
China,CHN,1920,40278458,40.278458,0,0,0,0,0,0.085336
India,IND,1925,40084974,36.399298,3.685677,0,0,0,0,0.125305
India,IND,1928,40073010,39.256575,0.527616,0,0.288820,0,0,0.121544
China,CHN,1922,39971524,39.971524,0,0,0,0,0,0.084088
India,IND,1926,39942630,36.568086,3.374544,0,0,0,0,0.123585
India,IND,1934,39611081,38.411242,0.809744,0,0.390094,0,0,0.111392
Japan,JPN,1910,39384336,38.596576,0.787760,0,0,0,0,0.795354
India,IND,1918,39359359,36.087407,3.271952,0,0,0,0,0.129005
India,IND,1931,38851074,37.814537,0.736464,0,0.300073,0,0,0.113933
China,CHN,1921,38762734,38.762734,0,0,0,0,0,0.081834
China,CHN,1948,38400105,38.093921,0.223538,0,0.082645,0,0,0.070969
Japan,JPN,1909,38255824,36.903808,1.352016,0,0,0,0,0.782824
China,CHN,1919,37997294,37.997294,0,0,0,0,0,0.081390
India,IND,1923,37971935,34.230991,3.740944,0,0,0,0,0.121084
Japan,JPN,1908,37632944,36.116196,1.516748,0,0,0,0,0.779796
India,IND,1921,37505563,33.614395,3.891168,0,0,0,0,0.122049
India,IND,1922,36903416,33.104192,3.799223,0,0,0,0,0.118890
Germany,DEU,1860,36394512,36.394512,0,0,0,0,0,1.009585
India,IND,1932,36129522,35.092898,0.732800,0,0.303823,0,0,0.104481
China,CHN,1946,36107047,35.805179,0.216176,0,0.085693,0,0,0.067437
Germany,DEU,1858,35610416,35.610416,0,0,0,0,0,1.009423
India,IND,1933,35467387,34.459728,0.688832,0,0.318827,0,0,0.101133
Japan,JPN,1907,35071808,33.598880,1.472928,0,0,0,0,0.735397
India,IND,1917,35019811,31.714883,3.304928,0,0,0,0,0.114894
India,IND,1920,34868020,31.277300,3.590720,0,0,0,0,0.114097
China,CHN,1918,34747962,34.747962,0,0,0,0,0,0.075250
Germany,DEU,1859,33807728,33.807728,0,0,0,0,0,0.948776
India,IND,1916,33517548,30.044423,3.473125,0,0,0,0,0.110074
India,IND,1915,33141761,29.785537,3.356224,0,0,0,0,0.108947
Germany,DEU,1857,32939360,32.939360,0,0,0,0,0,0.941690
Japan,JPN,1906,32855088,31.609328,1.245760,0,0,0,0,0.695684
China,CHN,1917,32023449,32.023449,0,0,0,0,0,0.070114
India,IND,1914,31698181,28.671398,3.026783,0,0,0,0,0.104270
India,IND,1913,31466798,28.224158,3.242640,0,0,0,0,0.103611
Germany,DEU,1856,30924160,30.924160,0,0,0,0,0,0.890801
China,CHN,1916,30130689,30.130689,0,0,0,0,0,0.066697
Japan,JPN,1905,29931216,28.843008,1.088208,0,0,0,0,0.639160
Japan,JPN,1904,29051856,27.721824,1.330032,0,0,0,0,0.626415
Germany,DEU,1855,28615840,28.615840,0,0,0,0,0,0.827382
India,IND,1912,28521480,25.608600,2.912880,0,0,0,0,0.094006
China,CHN,1914,26718416,26.718416,0,0,0,0,0,0.060455
Japan,JPN,1903,25787232,24.841920,0.945312,0,0,0,0,0.562536
China,CHN,1915,25420578,25.420578,0,0,0,0,0,0.056891
China,CHN,1910,25009438,25.009438,0,0,0,0,0,0.059124
Japan,JPN,1902,24944512,23.764877,1.179635,0,0,0,0,0.551199
India,IND,1908,24908271,22.237215,2.671056,0,0,0,0,0.083389
India,IND,1911,24782474,22.144394,2.638080,0,0,0,0,0.081763
China,CHN,1911,24630507,24.630507,0,0,0,0,0,0.057593
Germany,DEU,1854,24365600,24.365600,0,0,0,0,0,0.705615
China,CHN,1909,24251576,24.251576,0,0,0,0,0,0.057654
China,CHN,1913,24251576,24.251576,0,0,0,0,0,0.055478
India,IND,1909,24142678,20.669206,3.473472,0,0,0,0,0.080342
India,IND,1910,23487344,20.977504,2.509840,0,0,0,0,0.077747
Japan,JPN,1901,23273728,22.189013,1.084715,0,0,0,0,0.521108
China,CHN,1908,22735853,22.735853,0,0,0,0,0,0.054353
India,IND,1907,21772426,19.412810,2.359616,0,0,0,0,0.073333
Germany,DEU,1853,20760224,20.760224,0,0,0,0,0,0.603109
China,CHN,1907,19893871,19.893871,0,0,0,0,0,0.047826
India,IND,1906,19549439,17.035935,2.513504,0,0,0,0,0.066247
Japan,JPN,1900,19411872,18.429920,0.981952,0,0,0,0,0.440149
Germany,DEU,1852,19173712,19.173712,0,0,0,0,0,0.559163
Japan,JPN,1899,17272096,16.575936,0.696160,0,0,0,0,0.395913
Japan,JPN,1898,17246448,16.484498,0.761950,0,0,0,0,0.399732
China,CHN,1912,17029154,17.029154,0,0,0,0,0,0.039385
India,IND,1905,16930739,14.659059,2.271680,0,0,0,0,0.057725
Germany,DEU,1851,16869056,16.869056,0,0,0,0,0,0.495347
India,IND,1904,16561026,14.307666,2.253360,0,0,0,0,0.056813
Germany,DEU,1850,15139648,15.139648,0,0,0,0,0,0.448635
India,IND,1903,14802139,12.951819,1.850320,0,0,0,0,0.051095
India,IND,1902,14515440,12.925630,1.589809,0,0,0,0,0.050401
Germany,DEU,1847,13838928,13.838928,0,0,0,0,0,0.416446
Germany,DEU,1849,13622752,13.622752,0,0,0,0,0,0.407233
Japan,JPN,1897,13542144,12.871632,0.670512,0,0,0,0,0.317570
Germany,DEU,1846,13186736,13.186736,0,0,0,0,0,0.398885
India,IND,1901,13179692,11.552876,1.626816,0,0,0,0,0.046051
Japan,JPN,1896,12915600,12.311040,0.604560,0,0,0,0,0.306086
Germany,DEU,1848,12827664,12.827664,0,0,0,0,0,0.385342
Germany,DEU,1845,12611488,12.611488,0,0,0,0,0,0.385166
Japan,JPN,1895,12226768,11.750448,0.476320,0,0,0,0,0.292681
India,IND,1900,11929576,10.654504,1.275072,0,0,0,0,0.041932
Japan,JPN,1894,11024976,10.438541,0.586435,0,0,0,0,0.266626
Germany,DEU,1842,10882080,10.882080,0,0,0,0,0,0.342344
Germany,DEU,1844,10882080,10.882080,0,0,0,0,0,0.335929
Germany,DEU,1843,10299504,10.299504,0,0,0,0,0,0.320997
India,IND,1899,10054490,8.871018,1.183472,0,0,0,0,0.035402
Germany,DEU,1841,9548384,9.548384,0,0,0,0,0,0.303364
Germany,DEU,1840,9174656,9.174656,0,0,0,0,0,0.294759
India,IND,1898,9125196,8.022737,1.102459,0,0,0,0,0.032186
Japan,JPN,1893,8573760,8.068128,0.505632,0,0,0,0,0.209111
India,IND,1897,8253382,7.080902,1.172480,0,0,0,0,0.029161
Japan,JPN,1891,8123088,7.727376,0.395712,0,0,0,0,0.201166
Japan,JPN,1892,8075456,7.734704,0.340752,0,0,0,0,0.198492
India,IND,1896,7608035,6.702628,0.905407,0,0,0,0,0.026927
India,IND,1895,7034711,6.162263,0.872448,0,0,0,0,0.024941
Germany,DEU,1839,7020224,7.020224,0,0,0,0,0,0.228330
Japan,JPN,1890,6756416,6.331622,0.424794,0,0,0,0,0.168586
Germany,DEU,1838,6631840,6.631840,0,0,0,0,0,0.218404
Japan,JPN,1889,6254448,5.884384,0.370064,0,0,0,0,0.157590
Germany,DEU,1837,5950336,5.950336,0,0,0,0,0,0.198259
India,IND,1894,5616710,4.909558,0.707152,0,0,0,0,0.019948
India,IND,1893,5543195,4.459312,1.083883,0,0,0,0,0.019721
India,IND,1892,5247296,4.416101,0.831195,0,0,0,0,0.018701
Germany,DEU,1836,5191888,5.191888,0,0,0,0,0,0.174799
Japan,JPN,1888,5169904,4.880448,0.289456,0,0,0,0,0.131714
Germany,DEU,1835,4931744,4.931744,0,0,0,0,0,0.167803
Germany,DEU,1830,4792512,4.792512,0,0,0,0,0,0.170887
India,IND,1891,4772425,4.054281,0.718144,0,0,0,0,0.017038
Germany,DEU,1831,4590992,4.590992,0,0,0,0,0,0.162323
Germany,DEU,1827,4539696,4.539696,0,0,0,0,0,0.166600
Germany,DEU,1828,4539696,4.539696,0,0,0,0,0,0.164840
Japan,JPN,1887,4473744,4.265067,0.208677,0,0,0,0,0.115107
India,IND,1890,4431674,3.775818,0.655856,0,0,0,0,0.015849
Germany,DEU,1834,4411456,4.411456,0,0,0,0,0,0.151748
Germany,DEU,1833,4378480,4.378480,0,0,0,0,0,0.152025
Germany,DEU,1825,4338176,4.338176,0,0,0,0,0,0.162783
Germany,DEU,1826,4187952,4.187952,0,0,0,0,0,0.155316
Germany,DEU,1823,4034064,4.034064,0,0,0,0,0,0.155342
India,IND,1889,4021832,3.387960,0.633872,0,0,0,0,0.014504
Germany,DEU,1822,3631024,3.631024,0,0,0,0,0,0.141726
Germany,DEU,1829,3631024,3.631024,0,0,0,0,0,0.130579
Japan,JPN,1886,3605376,3.355971,0.249405,0,0,0,0,0.093350
Germany,DEU,1821,3532096,3.532096,0,0,0,0,0,0.139830
Germany,DEU,1832,3447824,3.447824,0,0,0,0,0,0.120828
India,IND,1888,3409556,2.973969,0.435587,0,0,0,0,0.012399
Germany,DEU,1820,3381872,3.381872,0,0,0,0,0,0.135791
Japan,JPN,1885,3348896,3.165896,0.183000,0,0,0,0,0.087150
Germany,DEU,1824,3231648,3.231648,0,0,0,0,0,0.122844
India,IND,1887,3066019,2.721979,0.344040,0,0,0,0,0.011243
Japan,JPN,1884,2956848,2.777312,0.179536,0,0,0,0,0.077530
India,IND,1886,2772064,2.416656,0.355408,0,0,0,0,0.010251
India,IND,1884,2730015,2.433231,0.296784,0,0,0,0,0.010265
Japan,JPN,1883,2711360,2.480216,0.231144,0,0,0,0,0.071794
Japan,JPN,1882,2513504,2.311984,0.201520,0,0,0,0,0.067181
India,IND,1885,2459404,2.254220,0.205184,0,0,0,0,0.009171
India,IND,1883,2440909,2.290685,0.150224,0,0,0,0,0.009255
Japan,JPN,1881,2414576,2.330304,0.084272,0,0,0,0,0.065062
Japan,JPN,1880,2348624,2.198400,0.150224,0,0,0,0,0.063809
Japan,JPN,1879,2315648,2.147370,0.168278,0,0,0,0,0.063343
India,IND,1882,2196295,1.969127,0.227168,0,0,0,0,0.008398
India,IND,1880,1886776,1.776856,0.109920,0,0,0,0,0.007336
Japan,JPN,1878,1857648,1.747728,0.109920,0,0,0,0,0.051154
India,IND,1881,1839335,1.740228,0.099108,0,0,0,0,0.007092
India,IND,1878,1766911,1.766911,0,0,0,0,0,0.006892
India,IND,1879,1684384,1.611104,0.073280,0,0,0,0,0.006560
Japan,JPN,1875,1439952,1.410640,0.029312,0,0,0,0,0.040635
Japan,JPN,1876,1403312,1.374000,0.029312,0,0,0,0,0.039294
Japan,JPN,1877,1289728,1.260416,0.029312,0,0,0,0,0.035808
India,IND,1860,643116,0.643116,0,0,0,0,0,0.002633
India,IND,1866,639801,0.639801,0,0,0,0,0,0.002565
India,IND,1859,636486,0.636486,0,0,0,0,0,0.002615
India,IND,1863,609965,0.609965,0,0,0,0,0,0.002471
Japan,JPN,1874,586240,0.575248,0.010992,0,0,0,0,0.016638
India,IND,1864,576815,0.576815,0,0,0,0,0,0.002329
India,IND,1865,566870,0.566870,0,0,0,0,0,0.002280
India,IND,1862,550295,0.550295,0,0,0,0,0,0.002237
India,IND,1861,497254,0.497254,0,0,0,0,0,0.002029
India,IND,1858,394488,0.394488,0,0,0,0,0,0.001627
Japan,JPN,1873,40304,0.029312,0.010992,0,0,0,0,0.001149
Japan,JPN,1872,32976,0.029312,0.003664,0,0,0,0,0.000946
Japan,JPN,1871,25648,0.022442,0.003206,0,0,0,0,0.000740
Japan,JPN,1869,18320,0.018320,0,0,0,0,0,0.000534
Japan,JPN,1870,18320,0.018320,0,0,0,0,0,0.000532
Japan,JPN,1868,10992,0.010992,0,0,0,0,0,0.000322
